id,place_id,name,address,lat,lng,image,phone,url,user_id,created_at,updated_at
1,ChIJwyVuFfyLGGARLqrnGGLima8,"イノダコーヒ 東京大丸店","〒100-0005 東京都千代田区丸の内１丁目９−１ 大丸東京店8階",35.681434,139.769206,https://maps.googleapis.com/maps/api/place/js/PhotoService.GetPhoto?1sATtYBwIl5T9EHo4I-ZotPI7OC53cukeYVU2lyO2eW323Na_FyFczfg8KgFZ4hB7uN0PpV8_dB6Dtj1Jd3_qXBK5f8KzGCapn39lnuzzqQH1fMPpFa9s4GdOUnAgEtAl5n1cShJ59Y9EheVFGhkvC3s6j6iz9liGs-sUNGoaFdhI8UBuJg1Yo&3u320&5m1&2e1&callback=none&key=AIzaSyAlZfe8CRbb9p5j7WtpuvRKVChwiKZlcmw&token=22974,03-3211-0033,http://www.inoda-coffee.co.jp/,1,"2021-01-23 08:55:38","2021-01-23 08:55:38"
2,ChIJZc0V9vuLGGAR33NDBc1Sl6w,"DEAN & DELUCA 八重洲","〒100-0005 東京都千代田区丸の内１丁目９−１ JR東日本東京駅構内 B1 GranSta内",35.681242,139.767695,https://maps.googleapis.com/maps/api/place/js/PhotoService.GetPhoto?1sATtYBwJV3ahZDft3XOeHl1Tas6S_RNHMdB-L5h1buJzN5TlM5HoYLhKLh_JNlen24u1nErN9VU2mlnE2ILKclBsSvoEuaejKl8ETf6eTaAfL4EVeeuW33Aa3A6H9-mP9d8f6FfNp4_DXYpsaOC0lpZwg8edu5uU5ZEa7GaWTai4sTxLIDsCj&3u320&5m1&2e1&callback=none&key=AIzaSyAlZfe8CRbb9p5j7WtpuvRKVChwiKZlcmw&token=78800,03-5288-8040,https://www.deandeluca.co.jp/,1,"2021-01-23 08:55:40","2021-01-23 08:55:40"
3,ChIJF85czvuLGGARRv11tB6VP-Y,"TORAYA TOKYO (トラヤ トウキョウ)","〒100-0005 東京都千代田区丸の内１丁目９−１ 東京ステーションホテル 2F",35.680629,139.765540,https://maps.googleapis.com/maps/api/place/js/PhotoService.GetPhoto?1sATtYBwKQZIDK7n4YT1unJapEfuW9A7V98Wf81AqzUnuMe_jP9Mvgg6XF4x6b6XxPCuzzD9ZTnf8rsf-ZYfzvXnycvXjyGhDz7zYq6X0yHH1qPT44UgbHSHcvtrv29q8adxw9Db4bNPYCBJFjpwxavvT7rwsAv9tMQ7YySCLwlfNLJNyCPkYA&3u320&5m1&2e1&callback=none&key=AIzaSyAlZfe8CRbb9p5j7WtpuvRKVChwiKZlcmw&token=73613,03-5220-2345,https://www.toraya-group.co.jp/toraya/shops/detail/?id=14,1,"2021-01-23 08:55:41","2021-01-23 08:55:41"
4,ChIJH8vQ7fmLGGARIe0Q73U-Fjg,"京橋千疋屋 丸ビル店","〒100-6390 東京都千代田区丸の内２丁目４−１ 丸の内ビルディング 地下1階",35.681035,139.763690,https://maps.googleapis.com/maps/api/place/js/PhotoService.GetPhoto?1sATtYBwIobrztje735pXhJIJu-s8SNakInXbxmbhWLSXLQ-bS0FppK2ojneTri3Uaob6k6wZ2lq0neA2OtzSabpNHK6Sg4VVJfGHosC3Ru4XKKx940FAIN7dutnCvLjUWQqOWsdaTAxwD0GfmwaoDCi1bGrOtN31S_hE07jLxI8l7Lk9w92m6&3u320&5m1&2e1&callback=none&key=AIzaSyAlZfe8CRbb9p5j7WtpuvRKVChwiKZlcmw&token=124580,03-3201-0650,http://www.senbikiya.co.jp/maru.html,1,"2021-01-23 08:55:43","2021-01-23 08:55:43"
5,ChIJvYUNS_qLGGARRFqPN-P-h5I,"丸の内 CAFE 会","〒100-0005 東京都千代田区丸の内２丁目７−２ JPタワーKITTE 1F",35.679491,139.765241,https://maps.googleapis.com/maps/api/place/js/PhotoService.GetPhoto?1sATtYBwKD1oXb_bLr9t4OJr0zWAERSUfaJSKqnvjsemdnJRas43HC1D9SPj9ew2uGoUNMtZf00bpXNiVAWn8N_X2UZIwXi8b4FXNTbkQuWfh00hKvxcv_nNloiYCweBrpeDr5OK0ypZS-7TFye0kOPqW5lQohWht0Zdk5zHfAu4W_P35xz0JR&3u320&5m1&2e1&callback=none&key=AIzaSyAlZfe8CRbb9p5j7WtpuvRKVChwiKZlcmw&token=45552,03-3217-2022,https://map.tullys.co.jp/tullys/detailMap?account=tullys&accmd=0&bid=629,1,"2021-01-23 08:55:48","2021-01-23 08:55:48"
6,ChIJvYUNS_qLGGARJDPRYErv7zU,"ドンピエールハート KITTE店","〒100-7005 東京都千代田区丸の内２丁目７−２ JPタワーKITTE 5F",35.680086,139.765053,https://maps.googleapis.com/maps/api/place/js/PhotoService.GetPhoto?1sATtYBwJQ7oHiQyc4sae8nrY5sH6jnbTU0sglj63Zj9id8v19G1o7CV1BW9UXUvIJqGkEsGk8uMzxOnBtUF1Z_p8ZuC7jop8zkh5frV1hh-GhUmF4MilAsmCrxVjJrEAM50vFnMnRnb7ZrJ79COihqAKXH7Z0sk92hChsKNCF4pVT-IQpIGDG&3u320&5m1&2e1&callback=none&key=AIzaSyAlZfe8CRbb9p5j7WtpuvRKVChwiKZlcmw&token=99518,050-5269-8914,https://tokyo-dompierreheart.com/#utm_source=google&utm_medium=map,1,"2021-01-23 08:55:49","2021-01-23 08:55:49"
7,ChIJ8efq7_yLGGARl4Bk3OTxTeY,"アンクラー 八重洲","〒104-0028 東京都中央区八重洲２丁目１ 八重洲地下街外堀地下２番通り",35.681195,139.769602,https://maps.googleapis.com/maps/api/place/js/PhotoService.GetPhoto?1sATtYBwIL3VSvQF4Gn1_Pi7p_mCTVRGSJq94NZga5X0u7yyqLinoqbe1Kuyq900bBJTaj6eWGTkA-TFtBJAWVTK1lHODmYdvxAQfgxbWoz6GZq0USGIyCe2ossN2T7AGyQUqC8cBrzMdnIgQ9xk_d_DW5LqDAWEAJlQkh3hJB5DM5WXhAYq7U&3u320&5m1&2e1&callback=none&key=AIzaSyAlZfe8CRbb9p5j7WtpuvRKVChwiKZlcmw&token=61077,03-6262-3717,https://restaurant-mrs.com/anclar_yaesu,1,"2021-01-23 08:55:52","2021-01-23 08:55:52"
8,ChIJGeYlX_mLGGARZQQuyYCgMZg,"XEX TOKYO Salvatore Cuomo Bros. / The BAR&Cafe","〒100-6701 東京都千代田区丸の内１丁目９−１ 大丸東京 13F",35.681713,139.768761,https://maps.googleapis.com/maps/api/place/js/PhotoService.GetPhoto?1sATtYBwKg7km8F1VPwJYO1VD67JYGMGQWI_8wXyokw1kt-wJ5vKMDtEYEPfRM19YE3ybq5TgmaYOU4sx-nLZSrZo73qzA0ikd4Iy2UlJq4DA80k6GrVQatNxVZNjuTtCDyx4_5skQBkHONpX5VqTHyK0ItHaksgmnnzoEUg0TvqJCueWOekjz&3u320&5m1&2e1&callback=none&key=AIzaSyAlZfe8CRbb9p5j7WtpuvRKVChwiKZlcmw&token=75219,03-6266-0065,http://www.xexgroup.jp/tokyo,1,"2021-01-23 08:55:54","2021-01-23 08:55:54"
9,ChIJVVUxGf2LGGARYN7bqaeDPA4,"椿屋珈琲店 八重洲茶寮","〒103-0027 東京都中央区日本橋３丁目４−１６ 東和八重洲ビル",35.679982,139.770609,https://maps.googleapis.com/maps/api/place/js/PhotoService.GetPhoto?1sATtYBwII4v5W_f52smP3GOSw43k252918cVe6B9WY0GNDjmZ1mPIf5f9ybgP4izpRMPpLTu5_NfxffM76_nYcHzpKcBjJd4h8tAmfkhpKCd1YUj9ZrMFNI6piSh1jdcYXyfnFmRCtKx6m-dNGZ3fB469MjliPLzodODOrL7_8OQrCej_tVVR&3u320&5m1&2e1&callback=none&key=AIzaSyAlZfe8CRbb9p5j7WtpuvRKVChwiKZlcmw&token=100010,03-6262-5435,http://www.towafood-net.co.jp/,1,"2021-01-23 08:55:55","2021-01-23 08:55:55"
10,ChIJGeYlX_mLGGARCyYhky8j7O8,"THE CAMPANELLA CAFE TOKYO｜東京","〒100-6701 東京都千代田区丸の内１丁目９−１",35.681455,139.769170,https://maps.googleapis.com/maps/api/place/js/PhotoService.GetPhoto?1sATtYBwJkYpDyjxPwL4laQJwBW1glmH79v9xqX_UC-C5JCotmcK-03A-r5vYQ3E12YFwixKS0TZTcQnuspTPpUtW6Kqjlx795nSGbfG6tMdDmDMlo7_xw7iqZjCT8j3uKdEa-4v6zGdpJ4sgUeicm6QWPaIqb4IovzyyikxownXN9cOMbT2EZ&3u320&5m1&2e1&callback=none&key=AIzaSyAlZfe8CRbb9p5j7WtpuvRKVChwiKZlcmw&token=44354,03-6268-0371,http://thecampanellacafe.com/,1,"2021-01-23 08:55:57","2021-01-23 08:55:57"
11,ChIJx4pGcv2LGGARjsdpAtsSHJw,ぺしゃわーる,"〒103-0027 東京都中央区日本橋３丁目１−４ 日本橋さくらビル B1",35.680947,139.771817,https://maps.googleapis.com/maps/api/place/js/PhotoService.GetPhoto?1sATtYBwILdml3exAiUcz-6Z85_wrWWErK5PRTZVq3P4a_Z6k5CmJBIAqnkvv9oq5SGD9kbnzf3JUr36Z2ZzrIDy3fEcd2tWVs5urKCLF2aHjcxSVT0c5Uo3TdgopiTPk_VcOPrI3YTce6kk7XCre0nTXuUZV37wZsq4o2XejJH99ox54l9Fva&3u320&5m1&2e1&callback=none&key=AIzaSyAlZfe8CRbb9p5j7WtpuvRKVChwiKZlcmw&token=93959,03-3242-1212,https://tabelog.com/tokyo/A1302/A130202/13011213/,1,"2021-01-23 08:55:58","2021-01-23 08:55:58"
12,ChIJGeYlX_mLGGARL9n6En88N2k,"Salt Water Table 大丸東京店","〒100-6701 東京都千代田区丸の内１丁目９−１ 大丸東京店 ６階",35.681416,139.769223,https://maps.googleapis.com/maps/api/place/js/PhotoService.GetPhoto?1sATtYBwJn9Q9bQJsmMnsBGLgc8rh1d_ZOkNcYlQaocLdtUhQAJyMJj6TJho75fQsy7iwJwCsIhGRnEQvFdaor5JiszNPjRX-0nEDya0ce0I7TC1jR-sS_aYOW0W5n3TLiqMLFjJlqNbck0eiFZwgxSh8e1bzti6ZczYncJe7Gl5ngnb4szi7j&3u320&5m1&2e1&callback=none&key=AIzaSyAlZfe8CRbb9p5j7WtpuvRKVChwiKZlcmw&token=89540,03-6895-2875,https://www.j-frontfoods.co.jp/,1,"2021-01-23 08:56:00","2021-01-23 08:56:00"
13,ChIJe2t50eKLGGAR7kG7FGIuJqA,"エクセルシオール カフェ 京橋一丁目店","〒104-0031 東京都中央区京橋１丁目３−５ 三井ガーデンホテル京橋 １Ｆ",35.678384,139.770839,https://maps.googleapis.com/maps/api/place/js/PhotoService.GetPhoto?1sATtYBwJcOZTRcPD-uUXbpEa92AJbcR-w1Ndez3p8XOlULHiT9REcjIrvYYIciXWnG82mBNs9-jk8U3cCfaFHVcCc9_k7l7C3y6-EkRGAWTMb8J8oktvKsJJIm8I2DyMNyp3ZJ4PbojsfPISuw4gdaS11L81CPuQI4CBoCnJ9J7pQacsDVPrV&3u320&5m1&2e1&callback=none&key=AIzaSyAlZfe8CRbb9p5j7WtpuvRKVChwiKZlcmw&token=4723,03-3241-6913,https://www.doutor.co.jp/excelsiorcaffe/,1,"2021-01-23 08:56:02","2021-01-23 08:56:02"
14,ChIJh_9SJuOLGGARF4RMB_BK-Cw,LAVAROCK,"〒104-0031 東京都中央区京橋２丁目１−３",35.677591,139.770276,https://maps.googleapis.com/maps/api/place/js/PhotoService.GetPhoto?1sATtYBwIrnZ6WiarvKG2PLs2YYMV82QcgPtWQHIe_88xbRSnMLSZuVvyR2WboyaEtd_0AMdvU4QA88I2akA775TAbx7w6DndeGbAjIeiaC-hcqXU9dd6EY18D15EaaCZbkuAlWF4HQHXFrP40tyn_FoPzg-neJcdwDgMNXneEbRPHM4UNo9sC&3u320&5m1&2e1&callback=none&key=AIzaSyAlZfe8CRbb9p5j7WtpuvRKVChwiKZlcmw&token=3932,03-3516-9333,http://cytokyo.com/restaurant/index.html,1,"2021-01-23 08:56:03","2021-01-23 08:56:03"
15,ChIJd8vf__mLGGARrpXsrJ1aDFI,"GARB Tokyo（ガーブ東京）","〒100-0005 東京都千代田区丸の内２丁目２−３ 丸の内仲通りビル 1F",35.680481,139.762814,https://maps.googleapis.com/maps/api/place/js/PhotoService.GetPhoto?1sATtYBwJ1HnpeR0zezYzSr6lk9qyO82kWA9NF0MEeuv4OEuhXQXnwPUT2_eWyL8Y3nDVP40drerUx_mlfjHQFt46jP1cNF-5qVJPIqLn81vcFTYAp2LPqSzdL8y16UFXdLqSqgZ-0PyUxBEu4TbF8sZXOut5HylaUKYTl1NEXzOj1HS1U2UY2&3u320&5m1&2e1&callback=none&key=AIzaSyAlZfe8CRbb9p5j7WtpuvRKVChwiKZlcmw&token=30124,03-5220-0440,https://garb.jp/,1,"2021-01-23 08:56:04","2021-01-23 08:56:04"
16,ChIJ2TZSCfmLGGAR26O97vWyYcE,"丸善 丸の内本店","〒100-8203 東京都千代田区丸の内１丁目６−４ 丸の内オアゾ 1階～4階",35.683516,139.766668,https://maps.googleapis.com/maps/api/place/js/PhotoService.GetPhoto?1sATtYBwL-Tv0L55a8ky_5du7x5MMT3Cw4p25_zFDsPA1bAPuIl1Exflvcr8e9way5jQtnpJftWsD8s-m69Vt5p3uLR03aGiZqP0Xg2hTAi0_cwr5y5GAdHbbkysWDAK7B0FQh2EZIwA3XW5nEhmUmM58U3iTzh-oZisElHQhXvbdl9I_X4LdY&3u320&5m1&2e1&callback=none&key=AIzaSyAlZfe8CRbb9p5j7WtpuvRKVChwiKZlcmw&token=64035,03-5288-8881,https://honto.jp/store/detail.html?shcd=72000&shgcd=HB310&extSiteId=maruzen,1,"2021-01-23 08:56:07","2021-01-23 08:56:07"
17,ChIJnWEB-PyLGGARDY-LR-sLMj8,ホテルハイマート,"〒103-0028 東京都中央区八重洲１丁目９−１",35.680533,139.769703,https://maps.googleapis.com/maps/api/place/js/PhotoService.GetPhoto?1sATtYBwKybADZI1Lse2z2O4FkNvPTgzd0gonEI0lY9PVAkNu6vGlRo7s1ZyiuA_D9zTVuNXVajuMnZ2QzDoXUnS6y-KGskQmsxeaBjzOCcZgTMSMUW09qTGGvnrMtCc9V0VZxNszDhWksSKNO8tUYPdmp9-Jd83uUik3UShH0FCu1xa-g-h86&3u320&5m1&2e1&callback=none&key=AIzaSyAlZfe8CRbb9p5j7WtpuvRKVChwiKZlcmw&token=46061,03-3273-9411,http://www.hotel-heimat.com/,1,"2021-01-23 08:56:08","2021-01-23 08:56:08"
18,ChIJH8vQ7fmLGGARgn61xUcws9I,CITA・CITA,"〒100-0005 東京都千代田区丸の内２丁目４−１ 丸の内ビルディング ５F",35.680681,139.764078,https://maps.googleapis.com/maps/api/place/js/PhotoService.GetPhoto?1sATtYBwKueHLWX1p2vgLF1JFlStAC112GyZveQOpXhjRqgYQxlo0fHQiMsguYWLrjMDBgj2Owd3x6JO5DA6C7z7hU7AcLVVLY6P5V9jB03QiQwzbIiNjNDjIGYERqCPBcUbw9mAtEv5bhaOT_Lq1vf5flKaRU9Oa3t9ziyvYP57S5M-Q9R0ri&3u320&5m1&2e1&callback=none&key=AIzaSyAlZfe8CRbb9p5j7WtpuvRKVChwiKZlcmw&token=52514,03-5220-2011,https://s.tabelog.com/tokyo/A1302/A130201/13010702/,1,"2021-01-23 08:56:10","2021-01-23 08:56:10"
19,ChIJCwv5vP6LGGARF_H3bkyjkpI,"スターバックスコーヒー ＪＲ東京駅日本橋口店","〒100-0005 東京都千代田区丸の内１丁目９−１ 丸の内中央ビル ２Ｆ",35.683223,139.768667,https://maps.googleapis.com/maps/api/place/js/PhotoService.GetPhoto?1sATtYBwIbpNlRCMHxk8j53c5aDcw-GzjX6uD2Ql3PpvueGC1nreDUEVOEdZhX6OPF-CJOT04nlrWoCUBToedzw0PwA8dPZEFZaa4wrtOh-sBhR1un9P0CwAq1BdefAWiJB83ICbZ3_uPgPRuds_RftAJlDDN5cGAJedmIKJfcpRZb8X0w-NEU&3u320&5m1&2e1&callback=none&key=AIzaSyAlZfe8CRbb9p5j7WtpuvRKVChwiKZlcmw&token=50307,03-5219-6066,http://www.starbucks.co.jp/store/search/detail.php?id=460,1,"2021-01-23 08:56:11","2021-01-23 08:56:11"
20,ChIJBbzatvmLGGARaid6ClriOSM,"スターバックスコーヒー 新丸ビル店","〒100-0005 東京都千代田区丸の内１丁目５−１ 新丸の内ビル",35.682621,139.764244,https://maps.googleapis.com/maps/api/place/js/PhotoService.GetPhoto?1sATtYBwJRxl-ZCSt6fM9SVaVl4UJ3gwQRUwd_F0Ll2fdPvX04m3pwEb9nVIoExerWWhrrkjXQ9nJXwgYEy6TnDD1wchw71tzr4lYgNjmzWHee8wIt4Y7an-H8NF2qYs4PwLcK_rdtUxMr-9Gb8AkPlbJKUbJT7DaOs3sMKjdpL1t4ydaTcR23&3u320&5m1&2e1&callback=none&key=AIzaSyAlZfe8CRbb9p5j7WtpuvRKVChwiKZlcmw&token=62024,03-5224-8688,http://www.starbucks.co.jp/store/search/detail.php?id=743,1,"2021-01-23 08:56:13","2021-01-23 08:56:13"
